City,State,Title,Address,Phone,Website,Rating,Rating_Count,Category
Chennai,Tamil Nadu,Bright Ventures Academy - Share Market Training Classes | Stock Trading Courses,"2nd Floor, 307/4, Alapakkam Main Rd, near Seven Hills Polytechnic, Maduravoyal, Chennai, Tamil Nadu 600095",098848 88824,http://www.commoditytradingmcx.com/,4.9,720,Training center
Chennai,Tamil Nadu,TRADE ACHIEVERS,"No 2/69, 3rd floor, Poonamallee High Rd, Janakiraman Colony, Arumbakkam, Chennai, Tamil Nadu 600106",098843 42395,https://www.tradeachievers.com/,4.8,3600,Training center
Chennai,Tamil Nadu,CONTANGO TRAINING & RESEARCH ACADEMY | STOCK MARKET TRADING EDUCATION,"8, Rangarajulu St, Ayyavoo Colony, Aminjikarai, Chennai, Tamil Nadu 600030",063791 69369,https://contangoacademy.com/,4.8,360,Training center
Chennai,Tamil Nadu,B Square Trade Academy,"2nd Floor, No: 31/32, Palayakaran St, near by Paathala Kanniyamman Alayam, Kodambakkam, Chennai, Tamil Nadu 600024",098409 14944,https://bsquaretradeacademy.com/,4.8,685,Training center
Chennai,Tamil Nadu,Invest Chennai Training Academy,"199, Basement, N Usman Rd, T. Nagar, Chennai, Tamil Nadu 600017",095663 82667,https://investchennai.in/,5,11,Online Share Trading Center
Chennai,Tamil Nadu,EQSIS,"6/11A, 3rd Cross St, Trustpuram, Kodambakkam, Chennai, Tamil Nadu 600024",095000 77790,https://www.eqsis.com/stock-market-training/,4.8,2300,Training center
Chennai,Tamil Nadu,D TRADING CLASS - STOCK MARKET TRAINING INSTITUTE,"Sai Nivas building, No: 7; Renugambal Nagar, opposite to Saibaba Temple, Kelambakkam, Tamil Nadu 603103",073055 72954,http://www.dtradingclass.in/,4.9,65,Stock broker
Chennai,Tamil Nadu,NAMMA TRADING ACADEMY,"10, Meenakshi St, Karthikeyan Nagar, Maduravoyal, Chennai, Tamil Nadu 600095",073389 94283,https://www.ntaacademy.in/,4.9,82,Training center
Chennai,Tamil Nadu,S&C Trading Academy,"27/1A, Kavitha St, Ur Nagar, Padi, Chennai, Tamil Nadu 600050",099405 96300,http://www.tradingacademy.co.in/,4.9,271,Online Share Trading Center
Chennai,Tamil Nadu,MCUBE Academy,"2nd Floor, Vijaya Complex, 3/56, 200 Feet Radial Rd, Echankadu, Junction, Tambaram, Tamil Nadu 600129",096009 03515,http://www.mcubeacademy.com/,4.8,239,Training center
Madurai,Tamil Nadu,TRADE ACHIEVERS TRAINING ACADEMY - MADURAI,"1ST FLOOR, CHELLASAMY AMBALAM COMPLEX, ANNA BUS STAND, Sivagangai Main Rd, MAIN ROAD, Madurai, Tamil Nadu 625020",098843 42395,https://www.tradeachievers.com/,4.8,718,Online Share Trading Center
Madurai,Tamil Nadu,ICFM Madurai - Stock Market Institute,"Apollo Pharmacy Upstairs, ICFM - Stock Market Institute, 81, Alagar Kovil Main Rd, Surveyor Colony, Kodikulam, Madurai, Tamil Nadu 625007",098188 80568,,4.9,18,Educational institution
Madurai,Tamil Nadu,Anyone Can Trade Training Academy Madurai,"Kannadasan 1st St, S S Colony, Tamil Nadu 625016",086680 75022,,5,130,Online Share Trading Center
Madurai,Tamil Nadu,TradingTimesAcademy,,093631 12163,https://www.tradingtimesacademy.com/,5,11,Education center
Madurai,Tamil Nadu,Hpf Training Academy,"No.180 2nd Floor, N Veli St, Madurai, Tamil Nadu 625001",0452 426 8153,http://www.hpftrainingacademy.com/,4.8,8,Educational institution
Madurai,Tamil Nadu,PROFIT TRADING ACADEMY,"26 B, Krishna St, Villapuram, Madurai, Tamil Nadu 625012",072008 90901,https://chat.whatsapp.com/Bp43wsKlbtgIKTgo4gwnCu,4.9,41,Training center
Madurai,Tamil Nadu,Millionaire Stockz - Stock Market Training Institute,"58,MUTHALIYAR, East St, Tallakulam, Tamil Nadu 625002",,,,,Private Tutor
Tiruchirappalli,Tamil Nadu,TRADE WITH ARUN'S TECHNICAL ( TWAT TRICHY ),"9/34-H DKV COMPLEX 3rd main road, 4th Main Rd, Renga Nagar, K K Nagar, K Sathanur, Tiruchirappalli, Tamil Nadu 620021",090437 21889,http://tradewitharuntechnical.graphy.com/,4.9,104,Stock broker
Tiruchirappalli,Tamil Nadu,Chanakya stock market training institute,"SP Arcade, c/o Trichy Coworks, D-54, 9A Cross Rd, Thillai Nagar, Tiruchirappalli, Tamil Nadu 620018",099522 44655,https://chanakyastockmarkettraining.org/,5,12,Online Share Trading Center
Tiruchirappalli,Tamil Nadu,Sharemarket training trichy,"11, 5th St, Arasu Colony, Edamalaipatti Pudur, Tamil Nadu 620012",093858 54144,,5,2,Training center
Tiruchirappalli,Tamil Nadu,"Stock Market Box - Classes,Demat and Trading","39, Perumal Kovil St, Woraiyur, Tiruchirappalli, Tamil Nadu 620003",022 6205 4606,https://www.stockmarketbox.com/,,,Stock broker
Tiruchirappalli,Tamil Nadu,Sharemarket,"Rahumaniya Puram, Tennur, Tiruchirappalli, Tamil Nadu 620017",,,5,2,Online Share Trading Center
Tiruchirappalli,Tamil Nadu,Choice Trichy,"Third Floor Femina Shopping Mall, EVR Rd, K K Nagar, Tiruchirappalli, Tamil Nadu 620021",097900 68563,,5,4,Online Share Trading Center
Tiruchirappalli,Tamil Nadu,"Stock Market Box - Classes,Demat and Trading","Singarathope, Devathanam, 25, Sandhukadai St, Singarathope, Devathanam, Tiruchirappalli, Tamil Nadu 620008",,https://www.stockmarketbox.com/,,,Stock broker
Tiruchirappalli,Tamil Nadu,"Stock Market Box - Classes,Demat and Trading","Gandhi Rd, Thiruvanaikoil, Srirangam, Tiruchirappalli, Tamil Nadu 620006",,https://www.stockmarketbox.com/,,,Stock broker
Tiruchirappalli,Tamil Nadu,STOCK BROKING,"NO.23-A, 1 FLOOR, RAMARAYAR AGRAHARAM THILLAI NAGAR 11TH CROSS EAST, opp. to GASTRO CARE HOSPITAL, Tiruchirappalli, Tamil Nadu 620017",,,3.7,6,Online Share Trading Center
Tiruchirappalli,Tamil Nadu,AUNIQUE SKILL ACADEMY,"KPS complex, Palakarai, varaganeri, Tiruchirappalli, Tamil Nadu 620008",093612 21453,,5,5,Coaching Center
Salem,Tamil Nadu,HS Trade School – Powered by HST Wealth,"4th Floor, RMR Fairlands, Door No.10, Site No.5, Park Road, Fairlands, Salem, Tamil Nadu 636016",088706 94567,https://hstradeschool.com/,4.9,605,Education center
Salem,Tamil Nadu,KNOWLEDGE TRADING ACADEMY,"2nd Floor, Jagir, Ammapalayam Main Rd, near to Sona college, Salem, Tamil Nadu 636005",093449 63934,https://linktr.ee/KNOWLEDGE__TRADING__ACADEMY,4.8,91,Education center
Salem,Tamil Nadu,Zing Trading Academy,"No 379, 1st Floor, PTG Complex, Trichy Main Rd, near Rajasabari Theatre, Gugai, Salem (M.Corp.), Tamil Nadu 636006",091500 01636,http://www.zingtradingacademy.com/,5,31,Online Share Trading Center
Salem,Tamil Nadu,TRADE TAMILAN SHARE MARKET TRAINING ACADEMY,"Karmegam complex, Junction road, bypass, Thiruvakavundanur, Salem, Tamil Nadu 636005",087786 90602,https://instagram.com/trade_tamilan_?igshid=YmMyMTA2M2Y=,4.7,7,Education center
Salem,Tamil Nadu,Commodity School,"Second floor, 37/119, Advaitha Ashram Rd, Fairlands, Salem, Tamil Nadu 636016",090039 29900,https://www.commodityschool.in/,4,6,Online Share Trading Center
Salem,Tamil Nadu,LeTechs,"46, Kamatchi Nagar, Chinna Thirupathi, Tamil Nadu 636008",096267 11222,http://www.letechs.com/,5,56,Online Share Trading Center
Tirunelveli,Tamil Nadu,Share Certificate - Demat Conversion,"opp. to Alagar Jewellers, Murugankurichi, Palayamkottai, Tirunelveli, Tamil Nadu 627002",082200 69515,,4.8,134,Stock broker
Pune,Maharashtra,Fin Earn Share Market Classes in Pune | Stock Market Courses In Pune,"Fergusson College Road Hotel Vaishali lane Near Rummy Grand Hotel Status Chambers Office No 12/16 3rd Floor, near Ramee Grand Hotel, Deccan Gymkhana, Pune, Maharashtra 411004",095618 61818,http://sharemarketclasses.in/,4.9,1400,Online Share Trading Center
Pune,Maharashtra,Wealth Note | Share Market Classes In Pune,"2nd floor, DSK Rohit Apartment, 8, Jangali Maharaj Rd, near Hotel Central Park, Deccan Gymkhana, Pune, Maharashtra 411004",070680 01919,https://wealthnote.in/?utm_source=GMB&utm_medium=organic&utm_campaign=Google+My+business+&utm_id=Google+My+business,4.9,912,Online Share Trading Center
Pune,Maharashtra,FinEarn Share Market Academy Pimpri-Chinchwad (PCMC) | Stock Market Classes in Pune,"Chichwad (PCMC, Khinvasara Trade Center(KTC),Office No 303, 3rd Floor Datta Mandir Road, Dange Chowk Rd, Pimpri-Chinchwad, Maharashtra 411033",083088 30811,https://sharemarketclasses.in/pimpri-chinchwad-branch/,4.9,973,Educational institution
Pune,Maharashtra,Chaitanya Share Market Classes in Pune,"Office No-9, 2nd Floor, Somnath Dairy Bulding, Anand Nagar, Sinhgad Rd, opp of Patil Hospital, Pune, Maharashtra 411051",090213 36336,http://www.chaitanyasharemarket.com/,4.8,3300,Online Share Trading Center
Pune,Maharashtra,Institute of Stock Market Training,"3RD Floor, Datta Mandir chowk, Viman Nager, Pune, Maharashtra 411014",093708 44236,https://instituteofstockmarkettraining.com/,5,281,Educational institution
Pune,Maharashtra,Jagdish Stock Market Classes & Consultancy,"FLAT NO.-D-403 Dhaval Windscapes BEHIND, NAVJEEVAN PARK SOCIETY, Sasane Nagar, Hadapsar, Pune, Maharashtra 411028",097307 02102,http://jagdishjha.com/,4.9,1300,Online Share Trading Center
Pune,Maharashtra,KS Share Market Academy,"Unit No.10, 3rd floor, Aaru Palace, Malwadi Rd, behind Bank Of Maharashtra, Hadapsar Gaon, Pune, Maharashtra 411028",098503 64200,http://www.kstradeguru.com/,4.8,669,Online Share Trading Center
Pune,Maharashtra,JG STOCK MARKET ACADEMY | Stock Market Institute in Pune | Equity and Options Trading Institute,"1st Floor, Chattrapati Shivaji Maharaj Park, Lane No. 4, New Sangavi, Maharashtra 411061",099602 38240,https://www.instagram.com/jg_stock_market_academy?igsh=aWc3NXprdnFrczhn,5,103,Education center
Pune,Maharashtra,Equity Speak Stock Market Academy,"14, Vyankatesh Sankul, Manjri Rd, Mahadev Nagar, Hadapsar, Pune, Maharashtra 412307",084464 83238,https://www.equityspeak.com/,5,257,Educational institution
Pune,Maharashtra,UPTREND INSTITUTE OF STOCKMARKET,"Hadapsar Gaon, Hadapsar, Pune, Maharashtra 411028",098226 69121,https://www.instagram.com/sharemarket_batches?igsh=MW9ibjc5M3lwZzdmag%3D%3D&utm_source=qr,5,121,Education center
Nagpur,Maharashtra,Central Trading Academy - Stock Market | Share Market Training Institute,"2ND FLOOR, AMBAJHARI LAYOUT, PLOT NO 34, Hingna Rd, Nagpur, Maharashtra 440033",076205 73829,,5,291,Training center
Nagpur,Maharashtra,Advait Stock Market Academy | Stock Market Trading Training Institute,"Plot 28, Oshian SuperCity 3, 6, Besa-Pipla Rd, opposite to Atharva Nagri, Besa Pipla, Maharashtra 440034",091569 53895,https://www.asmaonline.in/,5,664,Training center
Nagpur,Maharashtra,Share Market Training Institute | Stock Market Vidya,"86,""Swamikrupa, Wardha Rd, near The Pride Hotel, Kannamwar Nagar, Nagpur, Maharashtra 440025",084218 93845,https://stockmarketvidya.com/,4.9,353,Training center
Nagpur,Maharashtra,MeTta Share Market Training Institute.,"Flat No 101, Aqua Habitat Lohar samaj, Beltarodi Rd, near Prabhat Hardware, Shatabdi Square, Nagpur, Maharashtra 440027",098348 88821,http://www.mettasharemarket.in/,4.9,394,Online Share Trading Center
Nagpur,Maharashtra,NISMT - Share Market Classes,"201, 2nd Floor, Monarch Apartment, IT Park Rd, near Zudio, Gayatri Nagar, Nagpur, Maharashtra 440022",,http://www.nismtindia.com/,4.9,475,Education center
Nagpur,Maharashtra,Stock Mart Share Market Institute,"Plot no.92, Subhash Nagar Rd, above Bank Of India ATM, Trimurti Nagar, Nagpur, Maharashtra 440022",090228 54273,,4.9,148,Education center
Nagpur,Maharashtra,TRADINGZ STOCK MARKET ACADEMY,"Plot No. 5, Manewada Rd, near Gulhane Hospital, Old Dnyaneshwar Nagar, Bajrang Nagar, Rameshwari, Nagpur, Maharashtra 440027",070665 94949,http://tradingz.in/,4.8,54,Education center
Nagpur,Maharashtra,Tradr Trading Academy - Stock Market Classes in Nagpur | Share Market Classes,"5th Floor, Study Center, Sunder Pride, Plot no. 25, Chitnavis layout, Byramji Town, Nagpur, Maharashtra 440013",091121 29992,http://tradr.co.in/,4.8,162,Training center
Nagpur,Maharashtra,The Trade Learnify | Stock Market Academy,"Shop Plot no 45, behind Sai Mobile, near Kachore Lawn Road, Manish Nagar, Nagpur, Maharashtra 440015",093732 28941,https://thetradelearnify.com/,5,116,Educational institution
Nagpur,Maharashtra,Stock Market Training Institute - Share Market Classes in Nagpur,"Commercial Complex, Chamber Number 24,Block No - 8, 3rd Floor, Bajaj wing, Mangalwari, Sadar, Nagpur, Maharashtra 440001",084592 13063,https://www.stockmarketnagpur.com/,4.9,60,Training center
Nashik,Maharashtra,Stakeindia (best stock / share market training Institute / classes in nashik),"Business court, 105, Old Canal Link Rd, near City Center Mall, Radha Vasudev Batavia Nagar, Govind Nagar, Nashik, Maharashtra 422009",086982 34422,http://www.stakeindia.in/,4.9,511,Education center
Nashik,Maharashtra,trade N demat Academy | Best Share Market Courses in Nashik,"Office, 110, First Floor, Shreeji Bizz World, Dwarka Purnima Bus Stop In Front of Dominos & Camel House at, Kathe Galli - Mumbai Naka link Rd, beside Zerodha, Signal, Nashik, Maharashtra 422011",083800 24624,https://www.tradendemat.com/,4.9,199,Trade school
Nashik,Maharashtra,Stock Rise Institute (Share Market Training Center | Share Market Classes),"Shop no 644, 6th floor, Roongta Business point Trimurti, C wing, Kamatwade link Rd, near Espaliar school, Nashik, Maharashtra 422009",078757 95409,https://stockriseinsititute.in/pages/landing_page.html,5,160,Trade school
Nashik,Maharashtra,SMART DAY TRADERS-Stock Market Training Courses,"shubham park building, flat no 4, Ambad Link Rd, Uttam Nagar, Nashik, Maharashtra 422009",098816 25031,https://smartdaytraders.com/,4.8,85,Training center
Nashik,Maharashtra,C T Academy (Share Market Training Centre),"2nd Floor, Renuka Paradise, Ramdas Swami Marg, nr. Vijay Mamata Cinema, Ashirvad Nagar, Dwarka, Nashik, Maharashtra 422006",090294 91403,https://www.ctacademy.co.in/,4.6,512,Online Share Trading Center
Nashik,Maharashtra,Tradostar Share Market Academy,"2nd Floor, Sancheti Tower's, in front of Vikas Talkies, Panchavati, Nashik, Maharashtra 422001",079723 01848,,4.9,128,Education center
Nashik,Maharashtra,Marathi Udhyoojak | Stock Market Training Institute | Share Market | Classes- Online/Offline,"7, Manglya Rowhouse, Dindori Rd, Gayatri Nagar, Vaiduwadi, Nashik, Maharashtra 422004",075887 46620,http://www.marathiudhyoojak.in/,4.8,128,Financial consultant
Nashik,Maharashtra,Trading PIP's | Nashik's Best Trading Academy | Stock Market · Gold · Forex · Crypto | Live Trading Floor,"3rd Floor above Puffs and Rolls, Alampat Building Cycle Circle, College Rd, Krishi Nagar, Nashik, Maharashtra 422005",078753 38929,https://tradingprofitinpoints.in/,4.9,53,Educational institution
Nashik,Maharashtra,SHAREEXPERT SHARE MARKET CLASSES,"Suyojit trade center, L 6, Sharanpur Rd, opposite Rajiv Gandhi Bhavan Road, behind ICICI BANK, Nashik, Maharashtra 422002",099757 20856,,4.7,120,Online Share Trading Center
Nashik,Maharashtra,Eagle Trading Academy Stock Market Classes,"1,2,3, Falak Apt, Nashik - Pune Hwy, DattaMandir, Nashik, Maharashtra 422101",091754 85528,,4.9,55,Training center
Thane,Maharashtra,Nilesh Patil | Best Stock Market Course in Mumbai | Share Market Classes in Mumbai | Live Trading | Learn Option Trading,"Vardhman Industrial Complex, 227, Gokul Nagar, Thane, Maharashtra 400601",,https://nileshpatil.com/,4.9,615,Educational institution
Thane,Maharashtra,Market Mantraa share market Classes In Thane & navi mumbai (7208889242),"Office No, 2nd Floor, Patel Apartment, opposite McDonald's, near Gaondevi Mandir, Dada Patil Wadi, Naupada, Thane West, Thane, Mumbai, Maharashtra 400604",091378 28219,https://www.marketmantraa.in/,4.9,265,Educational institution
Thane,Maharashtra,RK Stock Market Training Institute,"HDFC BANK CINEMA STAR, High Street Mall, GB-46, Kapurbawdi, Thane West, Thane, Maharashtra 400607",077382 86027,http://www.rksti.com/,5,43,Education center
Thane,Maharashtra,Shilpa's Share Market Classes,"B/2 MANTHAN SOCIETY, SHREESH COMPOUND HAJURI ROAD, LIC LANE, behind PASSING RTO, Thane, Maharashtra 400604",088792 84555,,4.9,221,Online Share Trading Center
Thane,Maharashtra,𝐒𝐌 𝐒𝐓𝐎𝐂𝐊 𝐌𝐀𝐑𝐊𝐄𝐓 𝐀𝐂𝐀𝐃𝐄𝐌𝐘 𝐥 𝐓𝐎𝐏 𝐒𝐇𝐀𝐑𝐄 𝐌𝐀𝐑𝐊𝐄𝐓 𝐂𝐋𝐀𝐒𝐒𝐄𝐒 𝐈𝐍 𝐓𝐇𝐀𝐍𝐄,"Office no. 1 Ground Floor, Ekveera Niwas, opp. Varad Hospital, near Uthalsar Naka, Thane West, Thane, Maharashtra 400601",095949 67763,http://www.sm-academy.in/,5,80,Online Share Trading Center
Thane,Maharashtra,Nexus Traders Academy. Best stock market classes in Thane. Learn options trading and forex trading.,"Unit 707, Centura Square, 7th Floor, 27, Wagle Estate Rd, beside Mahindra Showroom, Shree Nagar, Thane, Maharashtra 400080",084518 22955,http://www.nexustradersacademy.com/,5,139,Educational institution
Thane,Maharashtra,"National Stock Trading Institute- Stock market classes In Mulund West, Mumbai","Shop No 12 1st floor, Kapeesh Mall, MG Road, Mulund West, Mumbai, Maharashtra 400080",096194 26626,https://tradewithnsti.com/,4.9,213,Educational institution
Thane,Maharashtra,Ved Academy | Stock market Institute,"Shop No 5, Nisarg chs, Building, 12, Manisha Nagar Rd, opp. Thane Bharat Sahakari bank, Kalwa, Maharashtra 400605",093729 78775,https://www.vedacademy.in/,4.7,95,Educational institution
Thane,Maharashtra,Trade Shiksha - Stock Market Classes In Thane,"Office 201, 2nd floor, Akshay Co- operative Society, JS Road, Bhandar Ali, near Thane Railway Station, Thane, Maharashtra 400601",087799 71358,https://www.tradeshiksha.in/,5,9,Training center
Thane,Maharashtra,Upside Stock Market Training Institute Thane,"3rd Floor, Cosmos Avenue Building, 306, above Kumar lifestyle, near Thane Station Road, Ambedkar Chowk, Jambli Naka, Thane, Maharashtra 400602",099874 98599,https://upsides.in/upside-thane-branch/,5,39,Educational institution
Aurangabad,Maharashtra,Patil Share Market Trading & Training Institute,"Yashodha Apartment, Opp. N2 Community Center Hall, Near Kamgar Chowk, N-3, Cidco, Chhatrapati Sambhajinagar, Maharashtra 431003",097664 85484,https://patilsharemarket.in/,4.9,1100,Training center
Aurangabad,Maharashtra,Kadam Capital Share Market Classes,"Office No 10, First Floor, Jalna Rd, near Atithi Hotel, Chhatrapati Sambhajinagar, Maharashtra 431009",075070 14444,http://www.kadamgroups.com/,4.9,321,Financial institution
Aurangabad,Maharashtra,Share Market Classes,"2nd floor, Plot No.01, Ameerpet to kalda corner, above kailas nx mens wear, near matrix buisness center, Saujanya Nagar, road, Chhatrapati Sambhajinagar, Maharashtra 431005",,,4.8,218,Training center
Aurangabad,Maharashtra,Nifty Guruji Share Market Trading Institute,"Shop No.115, kailash market, Ahilhyabai Holkar Chowk, Railway Station Rd, near Kailash Hotel, Padampura, Chhatrapati Sambhajinagar, Maharashtra 431005",084848 84114,http://www.niftyguruji.com/,4.8,257,Online Share Trading Center
Aurangabad,Maharashtra,Raut Stock Market Academy,"R6RM XHW, Jay Bhawani Chowk, Bajaj Nagar, Waluj, Wadgaon Kolhati, Maharashtra 431136",,,4.9,36,Corporate office
Aurangabad,Maharashtra,Wealth Monk,"Connaught place, Office at Shop Number-16, Disha Alankar Rathi Galaxy apartment, behind Cafe Foodie Marvel, near Star Bucks, Chhatrapati Sambhajinagar, Maharashtra 431003",084848 62586,https://wealthmonk.digitalmarketingranker.com/,4.8,72,Financial institution
Aurangabad,Maharashtra,SHARE MARKET CLASSES NEEL'S TRADING ACADEMY,"FIRST FLOOR,UNIT AN-9,PTC PROZONE MALL Prozone mall, near API CORNER, Chhatrapati Sambhajinagar, Maharashtra 431006",095951 23212,,4.7,27,Training center
Aurangabad,Maharashtra,MarketSmaj Share Market Academy,"N5, MGM Rd, near Dwarkadas Shamkumar Showroom, Town Center, Cidco, Chhatrapati Sambhajinagar, Maharashtra 431003",,,5,27,Education center
Aurangabad,Maharashtra,WAVE TRADING ACADEMY,"SHOP NO F2, KHINVASARA MAYFAIR, EAST, Garkheda, Chhatrapati Sambhajinagar, Maharashtra 431009",099750 48844,https://wavetradingacademy.in/,4.9,71,Training center
Aurangabad,Maharashtra,TradeGuru,"Dargah, A-3 ,Sagar Apartment, Below Sangram nagar flyover Near Shahnoormiya Dargah Chowk, to, Beed Bypass Rd, Chhatrapati Sambhajinagar, Maharashtra 431009",097303 12408,,5,60,Online Share Trading Center
Bangalore,Karnataka,Trading Academy Bengaluru - Stock Market Training Institute.,"dairy circle, 64, 13th B Main Rd, Yelahanka New Town, Bengaluru, Karnataka 560064",095355 79798,https://www.tradingacademybengaluru.com/,4.9,837,Training center
Bangalore,Karnataka,Free Stock Market training & Wealth Management By Excelsior,"2nd floor, 275/B, 28th Main Rd, Jayanagara 9th Block, Jayanagar, Bengaluru, Karnataka 560041",063643 27653,http://tradexcelsior.com/,4.9,1000,Education center
Bangalore,Karnataka,Stock Market Mentor - Stock Market Trading Coach & Technical Analysis Bangalore,"Ground Floor, 342, 38th cross, E End Main Rd, Jayanagara 9th Block, Jayanagar, Bengaluru, Karnataka 560041",081470 36979,https://www.stockmarketmentor.in/,4.9,3300,Education center
Bangalore,Karnataka,TIDI ACADEMY Rajajinagar | Stock market training | stock market coaching | share market training,"Bldg 2nd Floor, Aruna Silks, Jinka Avenue, 713, Modi Hospital Rd, West of Chord Road, Rajajinagar, Bengaluru, Karnataka 560086",099000 72521,https://tidiacademy.in/,4.7,5400,Training center
Bangalore,Karnataka,Stock Market Mentor - Best Stock Market Training Institute,"415, 3rd Floor, 4th B Main Rd, Kammanahalli Main Rd, HRBR Layout 2nd Block, Kalyan Nagar, Bengaluru, Karnataka 560043",096065 05979,http://www.stockmarketmentor.in/,5,1400,Education center
Bangalore,Karnataka,CA Dayanand Bongale Stock Market Training Institute,"129/1, 1st floor, Dr Rajkumar Rd, opp. to DCB AND ICICI BANK, 1st Block, Rajajinagar, Bengaluru, Karnataka 560010",063629 85767,http://www.cadayanandbongale.com/,5,3300,Training center
Bangalore,Karnataka,Money Markets Academy,"Vasavi Square 3rd Floor, Vasavi Square, 75/757, 10th Main Rd, 10th Main Rd, above idbi bank, 4th Block, Jayanagar, Bengaluru, Karnataka 560011",081500 00720,http://www.moneymarketsacademy.com/,4.8,213,Training center
Bangalore,Karnataka,Hexaurum Learning LLP - Stock Market & Technical Analysis Trading Institute,"1st Floor, San Diego building, 357, 6th Main Rd, behind Lakshmi Devi Park, 1st Block Koramangala, Bengaluru, Karnataka 560034",099452 38701,https://www.hexaurum.com/?utm_source=google&utm_medium=wix_google_business_profile&utm_campaign=16988913803168847713,4.8,288,Online Share Trading Center
Bangalore,Karnataka,TRADE ACHIEVERS TRAINING ACADEMY - BENGALURU,"2nd Floor, ICICI Bank Building, No 80/7, 3rd, Jayanagar, Bengaluru, Karnataka 560011",098843 42395,https://www.tradeachievers.com/,4.8,306,Online Share Trading Center
Bangalore,Karnataka,CAUTILYA TRADERS ACADEMY,"40, 2nd Floor, S End Rd, Tata Silk Farm, Basavanagudi, Bengaluru, Karnataka 560004",077606 43147,http://www.tradersgurukul.com/,4.7,1300,Training center
Mysore,Karnataka,Wealth Ocean Institute | Stock market training in Mysore | Stock market course in Mysore,"2nd floor, LIG 120/1, Panchamantra Rd, above Dhanalakshmi Jewellers, Mysuru, Karnataka 570023",097413 08822,https://www.wealthoceaninstitute.co.in/,4.9,280,Stock exchange building
Mysore,Karnataka,TIDI ACADEMY MYSORE STOCK MARKET COACHING CENTER,"2nd floor, Sri Krishna Arcade, 1103/2, Vanivilasa Rd, Chamarajapura, Chamarajapuram Mohalla, Lakshmipuram, Mysuru, Karnataka 570005",099000 96220,https://www.tidiacademy.in/,4.7,597,Training center
Mysore,Karnataka,Trading titans academy of stock market,"223, block G, 4th cross, 4th Main Rd, vivekananda nagar, Mysuru, Karnataka 570009",,,4.9,65,Educational institution
Mysore,Karnataka,Just Nifty Stock Market Training Institute,"Anikethana Rd, 1570, 12th cross, C&D block, 1542/A, Kuvempunagara North, Kuvempu Nagara, Mysuru, Karnataka 570023",095351 98248,https://www.justnifty.in/,4.7,160,Training center
Mysore,Karnataka,Advaitha Institute Of Trading,"61, 3rd Floor, Surya Bakery Road, opp. HP Petrol Bunk, Mahadeshwara Layout, Vijay Nagar 2nd Stage, Mysuru, Karnataka 570016",095358 42364,,4.9,232,Stock broker
Mysore,Karnataka,Stockks Nest Stock Market Training Institute,"1st floor, 47, opp. KSRTC bus depot, Kuvempu Nagara, Mysuru, Karnataka 570023",087225 13139,https://www.stockksnest.in/,5,25,Training center
Mysore,Karnataka,Delta Stocks,"Sankalp prabhu apartment, D Subbaiah Rd, Lakshmipuram, Mysuru, Karnataka 570004",086608 39219,https://deltastock.in/,5,76,Training center
Mysore,Karnataka,Aneka Stock Market Trading Academy,"2165,1St Floor, Aneka Wealth Service, Basaveshwara Rd, behind 101 Ganapathi Temple, KR Mohalla, Mysuru, Karnataka 570004",091419 46935,http://www.anekatrading.in/,5,56,Training center
Hubli,Karnataka,Stock Market Training Institute Hubli - Traders Academy,"Shop No 234, Bhavani Arcade, opp. to Basava Vana, near old Bus stand, Hubballi, Karnataka 580029",078999 40430,http://livetotrade.in/,5,84,Training center
Hubli,Karnataka,Stock Market Academy - HUBLI TRADEX,"1 st floor, Nirvana Tradewinds, opposite Hosur Bus Stand, Hubballi, Karnataka 580021",,,4.9,17,Educational institution
Hubli,Karnataka,Stock Market Training Institute Hubli,"1st Floor, Virupakshakrupa bldg, above Airtel store, opp. KIMS, Vidya Nagar, Hubballi, Karnataka 580021",080503 90309,https://www.apponix.com/stock-market-training-institute-in-hubli,4.9,50,Training center
Hubli,Karnataka,"STOCK MARKET TRAINING INSTITUTE, Hubli by Quest Capital","3rd Floor, Chetana College Road, above BIBA Showroom, near Marvel Signet, Shirur Park, Vidya Nagar, Hubballi, Karnataka 580021",088843 16999,https://questcapital.in/,4.8,1200,Education center
Mangalore,Karnataka,Trading Zone Mangaluru - Stock Market Training Academy | Stock Market Coaching Mangalore | Share Market Trading Training,"Shop No : F1, Trading Zone, Opp Canara College Divya Enclave Building, First Floor, Mangaluru, Karnataka 575003",063631 88402,https://tradingzonemangalore.com/,4.8,164,Educational institution
Mangalore,Karnataka,Stock Market Training and Wealth Management By Excelsior,"2nd floor, Selma Arcade, Mallikatte Rd, Kadri, Mangaluru, Karnataka 575002",,https://www.tradexcelsior.com/,4.9,39,Education center
Mangalore,Karnataka,Vinith D’Costa & Associates – Stock Market Research Analyst Firm | Powered by VD Financepedia Trading Academy,"VD and Associates, beside Roshni Nilaya, Valencia, Mangaluru, Karnataka 575002",063630 15791,https://www.vinithdcosta.in/,4.9,355,Education center
Mangalore,Karnataka,TIDI Academy Mangaluru | No.1 Stock Market Coaching Academy in Mangaluru | Stock Market Coaching Mangaluru,"first floor, F10, Divya Enclave, MG Rd, opp. Canara College, Tilak Nagar, Boloor, Kodailbail, Mangaluru, Karnataka 575003",,https://tidiacademy.in/,4.6,63,Educational institution
Mangalore,Karnataka,WINNERS VENTURE,"2nd floor, Nalapad Building, Mallikatte, Kadri, Mangaluru, Karnataka 575003",080507 91754,http://winnersventure.in/,4.9,175,Educational institution
Mangalore,Karnataka,VERITE- Stock Market Trading Academy,"2nd Floor, Store, Pragathi Plaza, Kulur Ferry Rd, Urwa, Mangaluru, Karnataka 575006",079756 69929,,4.7,13,Educational institution
Mangalore,Karnataka,Zerodha Authorised Person - Mangalore,"Ground Floor, Divya Enclave, 12, MG Rd, opp. Canara College, Mangaluru, Karnataka 575003",090350 98215,https://zerodha.com/open-account?c=ZMPBSM&utm_source=google_maps&utm_medium=listing&utm_campaign=affiliate_tracking,4.9,1200,Stock broker
Belgaum,Karnataka,Stock Tech ️,"@ Netsys, 2nd Floor, Ramdev Galli, above United Medicals, Belagavi, Karnataka 590001",078292 95555,http://www.stocktech.in/,4.9,559,Online Share Trading Center
Belgaum,Karnataka,Vidyadeep Stock Market Academy,"cross, Vadagoan, Yellur, Belagavi, Karnataka 590005",070903 33412,,5,48,Livestock producer
Belgaum,Karnataka,Stockhub Trading Academy,"H No:3935/56, opp. Civil Hospital Road, Club Road, Belagavi, Karnataka 590001",091649 00690,,4.9,132,Training center
Belgaum,Karnataka,Stocks4More,"4th Floor, Isha Eleganza, AAKASH INSTITUTE, Stocks4more (A unit of Dwaitee, RPD Cross, Khanapur Main Rd, above Reliance Smart Store, Tilakwadi, Belagavi, Karnataka 590006",093641 06901,https://www.stocks4more.com/,4.8,104,Training center
Belgaum,Karnataka,NHBULLS,"CST No 3415, Ananta Plaza, Samadevi Galli, above DCB BANK, Belagavi, Karnataka 590001",070191 82410,http://nhbulls.com/,5,2,Training center
Belgaum,Karnataka,Trade with Rohan,"Somwar Peth, Tilakwadi, Belagavi, Karnataka 590006",089712 02684,,5,17,Education center
Belgaum,Karnataka,victory trading classes,"2nd Floor, Dmart, plot no10, double road, near nehrunagar, Sadashiv Nagar, Belagavi, Karnataka 590010",077440 61455,https://victory-trading-classes.grexa.site/,4.8,18,Educational institution
Belgaum,Karnataka,Victory trading classes,"3rd floor, SP arcade, beside jio petrol pump, above cosmos bank, Tilakwadi, Belagavi, Karnataka 590011",085488 11058,http://www.victorytradingclasses.in/,5,7,Educational institution
Belgaum,Karnataka,BHARTI SHARE MARKET CLASSES PEERANWADI,"1 ST FLOOR, KUSMA COMPLEX, Khanapur Rd, Piranwadi, Piranawadi, Karnataka 590014",087928 06770,,4.9,30,Educational institution
